{"cameraMode":{"drawMode":0,"name":"Shaded","section":"Shading Mode"},"sceneLighting":false,"audioPlay":false,"sceneViewState":{"m_AlwaysRefresh":false,"showFog":true,"showSkybox":false,"showFlares":true,"showImageEffects":true,"showParticleSystems":true,"showVisualEffectGraphs":true,"m_FxEnabled":true},"in2DMode":false,"pivot":{"x":-2.980232238769531e-7,"y":1.2163982391357422,"z":-2.3096799850463868e-7},"rotation":{"x":-0.13668866455554963,"y":0.8600550889968872,"z":-0.30115193128585818,"w":-0.3889942467212677},"size":1.2695295810699463,"orthographic":false}