{"cameraMode":{"drawMode":0,"name":"Shaded","section":"Shading Mode"},"sceneLighting":true,"audioPlay":false,"sceneViewState":{"m_AlwaysRefresh":false,"showFog":true,"showSkybox":true,"showFlares":true,"showImageEffects":true,"showParticleSystems":true,"showVisualEffectGraphs":true,"m_FxEnabled":true},"in2DMode":false,"pivot":{"x":-25.016132354736329,"y":-40.728939056396487,"z":181.34780883789063},"rotation":{"x":0.1370498687028885,"y":-0.07830870151519776,"z":0.012373908422887326,"w":0.9877133369445801},"size":107.85379028320313,"orthographic":false}