{"cameraMode":{"drawMode":0,"name":"Shaded","section":"Shading Mode"},"sceneLighting":true,"audioPlay":false,"sceneViewState":{"m_AlwaysRefresh":false,"showFog":true,"showSkybox":true,"showFlares":true,"showImageEffects":true,"showParticleSystems":true,"showVisualEffectGraphs":true,"m_FxEnabled":true},"in2DMode":false,"pivot":{"x":-30.756649017333986,"y":-57.6638298034668,"z":230.29244995117188},"rotation":{"x":-0.14933143556118012,"y":0.04441385343670845,"z":-0.006320267915725708,"w":-0.9879528284072876},"size":123.3023681640625,"orthographic":false}