{"cameraMode":{"drawMode":0,"name":"Shaded","section":"Shading Mode"},"sceneLighting":true,"audioPlay":false,"sceneViewState":{"m_AlwaysRefresh":false,"showFog":true,"showSkybox":true,"showFlares":true,"showImageEffects":true,"showParticleSystems":true,"showVisualEffectGraphs":true,"m_FxEnabled":true},"in2DMode":false,"pivot":{"x":8.948225021362305,"y":0.3977937698364258,"z":62.15818405151367},"rotation":{"x":0.07824883610010147,"y":0.171970933675766,"z":-0.013613208197057248,"w":0.9820190668106079},"size":29.596330642700197,"orthographic":false}